{"(4.7, 0.0)": 0.9888967951673145, "(4.7, 0.1)": 0.993100240989649, "(4.7, 0.2)": 0.9929983734457559, "(4.7, 0.30000000000000004)": 0.9928544633629018, "(4.7, 0.4)": 0.9927440537217554, "(4.7, 0.5)": 0.9926372309072099, "(4.7, 0.6000000000000001)": 0.9925004360360011, "(4.7, 0.7000000000000001)": 0.9924342834842992, "(4.7, 0.8)": 0.9922733381336448, "(4.7, 0.9)": 0.9922127319708536, "(4.7, 1.0)": 0.9920852414854237, "(4.7, 1.1)": 0.9919441965067892, "(4.7, 1.2000000000000002)": 0.9920498740629606, "(4.7, 1.3)": 0.9919704091075656, "(4.7, 1.4000000000000001)": 0.9918455451231729, "(4.7, 1.5)": 0.9917451411813873, "(4.7, 1.6)": 0.9916914967205419, "(4.7, 1.7000000000000002)": 0.9915261832408542, "(4.7, 1.8)": 0.9914758882619864, "(4.7, 1.9000000000000001)": 0.9913768099807765, "(4.7, 2.0)": 0.9913103610195539, "(4.7, 2.1)": 0.9911777537231365, "(4.7, 2.2)": 0.9911296880127536, "(4.7, 2.3000000000000003)": 0.9910418063094953, "(4.7, 2.4000000000000004)": 0.9911087120493296, "(4.7, 2.5)": 0.9910165811913014, "(4.7, 2.6)": 0.9910189620126777, "(4.7, 2.7)": 0.9909379117286597, "(4.7, 2.8000000000000003)": 0.9907775479125971, "(4.7, 2.9000000000000004)": 0.9908374931996246, "(4.7, 3.0)": 0.9907227153330049, "(4.7, 3.1)": 0.9906295396236525, "(4.7, 3.2)": 0.990559851847976, "(4.7, 3.3000000000000003)": 0.9905446994836893, "(4.7, 3.4000000000000004)": 0.9905528767016561, "(4.7, 3.5)": 0.9905417172645996, "(4.7, 3.6)": 0.9904784833903459, "(4.7, 3.7)": 0.9904853725617052, "(4.7, 3.8000000000000003)": 0.9905165268997851, "(4.7, 3.9000000000000004)": 0.9904765848732274, "(4.7, 4.0)": 0.9904414183806394, "(4.7, 4.1000000000000005)": 0.9904707301532238, "(4.7, 4.2)": 0.9904892872641651, "(4.7, 4.3)": 0.9903865563698533, "(4.7, 4.4)": 0.9902591966080754, "(4.7, 4.5)": 0.9901034460756355, "(4.7, 4.6000000000000005)": 0.9900076628166283, "(4.7, 4.7)": 0.9899685224012568, "(4.7, 4.800000000000001)": 0.9897378446031784, "(4.7, 4.9)": 0.9900742728550849, "(4.7, 5.0)": 0.9895978687957496, "(4.8, 0.0)": 0.9908138711537223, "(4.8, 0.1)": 0.9954230276063669, "(4.8, 0.2)": 0.9953178192758037, "(4.8, 0.30000000000000004)": 0.9952262614523738, "(4.8, 0.4)": 0.9950863387866715, "(4.8, 0.5)": 0.9949857032213513, "(4.8, 0.6000000000000001)": 0.9949141443280825, "(4.8, 0.7000000000000001)": 0.9947728306977135, "(4.8, 0.8)": 0.9946247550647478, "(4.8, 0.9)": 0.9945538758630105, "(4.8, 1.0)": 0.9944687951400153, "(4.8, 1.1)": 0.9945267691909349, "(4.8, 1.2000000000000002)": 0.9944459098896199, "(4.8, 1.3)": 0.9943218945197331, "(4.8, 1.4000000000000001)": 0.9942796623237183, "(4.8, 1.5)": 0.9941266699547373, "(4.8, 1.6)": 0.9940357130122928, "(4.8, 1.7000000000000002)": 0.9939426528188677, "(4.8, 1.8)": 0.993838640269367, "(4.8, 1.9000000000000001)": 0.9937640584526741, "(4.8, 2.0)": 0.9936745994391292, "(4.8, 2.1)": 0.9936472401117643, "(4.8, 2.2)": 0.9935272789407292, "(4.8, 2.3000000000000003)": 0.993579091595258, "(4.8, 2.4000000000000004)": 0.9935164556423279, "(4.8, 2.5)": 0.9934310842205921, "(4.8, 2.6)": 0.99337903390204, "(4.8, 2.7)": 0.9933054737534497, "(4.8, 2.8000000000000003)": 0.993244866811518, "(4.8, 2.9000000000000004)": 0.9932110967929891, "(4.8, 3.0)": 0.9930865970387387, "(4.8, 3.1)": 0.9929434221761587, "(4.8, 3.2)": 0.9929210334253387, "(4.8, 3.3000000000000003)": 0.9928566186606758, "(4.8, 3.4000000000000004)": 0.9928398130838969, "(4.8, 3.5)": 0.9928025524087487, "(4.8, 3.6)": 0.9927783389451913, "(4.8, 3.7)": 0.9927376197675832, "(4.8, 3.8000000000000003)": 0.9927008664644958, "(4.8, 3.9000000000000004)": 0.992670925314495, "(4.8, 4.0)": 0.9926206112779227, "(4.8, 4.1000000000000005)": 0.9926350006695227, "(4.8, 4.2)": 0.9926238124319633, "(4.8, 4.3)": 0.9924568853014593, "(4.8, 4.4)": 0.9923668869514869, "(4.8, 4.5)": 0.9924771686234798, "(4.8, 4.6000000000000005)": 0.9923951582939882, "(4.8, 4.7)": 0.9922726942372956, "(4.8, 4.800000000000001)": 0.9912132816368908, "(4.8, 4.9)": 0.9918059438755346, "(4.8, 5.0)": 0.9915971157228516, "(4.8999999999999995, 0.0)": 0.9932063675880299, "(4.8999999999999995, 0.1)": 0.9972750223896103, "(4.8999999999999995, 0.2)": 0.9971764630565325, "(4.8999999999999995, 0.30000000000000004)": 0.9971017722984522, "(4.8999999999999995, 0.4)": 0.9969949670420571, "(4.8999999999999995, 0.5)": 0.9968610010370168, "(4.8999999999999995, 0.6000000000000001)": 0.9967536273631754, "(4.8999999999999995, 0.7000000000000001)": 0.9966480271989667, "(4.8999999999999995, 0.8)": 0.996532290734414, "(4.8999999999999995, 0.9)": 0.9964549123748137, "(4.8999999999999995, 1.0)": 0.9963554963650547, "(4.8999999999999995, 1.1)": 0.9964497298404648, "(4.8999999999999995, 1.2000000000000002)": 0.9963317616907684, "(4.8999999999999995, 1.3)": 0.9962494261732231, "(4.8999999999999995, 1.4000000000000001)": 0.9961505178910991, "(4.8999999999999995, 1.5)": 0.9960641153431078, "(4.8999999999999995, 1.6)": 0.9959942785958905, "(4.8999999999999995, 1.7000000000000002)": 0.9959187760790706, "(4.8999999999999995, 1.8)": 0.9958183974144467, "(4.8999999999999995, 1.9000000000000001)": 0.9957420663187723, "(4.8999999999999995, 2.0)": 0.995686750194713, "(4.8999999999999995, 2.1)": 0.9956097681430054, "(4.8999999999999995, 2.2)": 0.9956940638741755, "(4.8999999999999995, 2.3000000000000003)": 0.9956298379712434, "(4.8999999999999995, 2.4000000000000004)": 0.9955643167955907, "(4.8999999999999995, 2.5)": 0.9955147016443011, "(4.8999999999999995, 2.6)": 0.9954591554009914, "(4.8999999999999995, 2.7)": 0.9954074038368487, "(4.8999999999999995, 2.8000000000000003)": 0.9953512715595553, "(4.8999999999999995, 2.9000000000000004)": 0.9953051388074143, "(4.8999999999999995, 3.0)": 0.9951967320322493, "(4.8999999999999995, 3.1)": 0.9950713000122706, "(4.8999999999999995, 3.2)": 0.9949994205053977, "(4.8999999999999995, 3.3000000000000003)": 0.9950561424450557, "(4.8999999999999995, 3.4000000000000004)": 0.9950299078892378, "(4.8999999999999995, 3.5)": 0.9950098079699753, "(4.8999999999999995, 3.6)": 0.9949911942219727, "(4.8999999999999995, 3.7)": 0.9949337526660714, "(4.8999999999999995, 3.8000000000000003)": 0.9949183626307846, "(4.8999999999999995, 3.9000000000000004)": 0.9948624793250553, "(4.8999999999999995, 4.0)": 0.9948165387969015, "(4.8999999999999995, 4.1000000000000005)": 0.9948164015272748, "(4.8999999999999995, 4.2)": 0.9947424496983306, "(4.8999999999999995, 4.3)": 0.9946916148922571, "(4.8999999999999995, 4.4)": 0.9946170966393124, "(4.8999999999999995, 4.5)": 0.9945242824716238, "(4.8999999999999995, 4.6000000000000005)": 0.994496810991184, "(4.8999999999999995, 4.7)": 0.9943339915172582, "(4.8999999999999995, 4.800000000000001)": 0.9944462011223222, "(4.8999999999999995, 4.9)": 0.9932009737851147, "(4.8999999999999995, 5.0)": 0.9935956653626487, "(4.999999999999999, 0.0)": 0.9978639304424585, "(4.999999999999999, 0.1)": 0.9991884577447258, "(4.999999999999999, 0.2)": 0.9990856715023824, "(4.999999999999999, 0.30000000000000004)": 0.9989982454180394, "(4.999999999999999, 0.4)": 0.9989152684627782, "(4.999999999999999, 0.5)": 0.9988303510471951, "(4.999999999999999, 0.6000000000000001)": 0.9987429560047028, "(4.999999999999999, 0.7000000000000001)": 0.9986615815751742, "(4.999999999999999, 0.8)": 0.9985741650294658, "(4.999999999999999, 0.9)": 0.9985062780503496, "(4.999999999999999, 1.0)": 0.9986927940605427, "(4.999999999999999, 1.1)": 0.9985388138495804, "(4.999999999999999, 1.2000000000000002)": 0.9984730166042384, "(4.999999999999999, 1.3)": 0.9984023261821576, "(4.999999999999999, 1.4000000000000001)": 0.9983363991105304, "(4.999999999999999, 1.5)": 0.9982930651053865, "(4.999999999999999, 1.6)": 0.9982202095497434, "(4.999999999999999, 1.7000000000000002)": 0.9981709666165535, "(4.999999999999999, 1.8)": 0.9981178994577835, "(4.999999999999999, 1.9000000000000001)": 0.9980649612543844, "(4.999999999999999, 2.0)": 0.9981381768044755, "(4.999999999999999, 2.1)": 0.9982422832181512, "(4.999999999999999, 2.2)": 0.9982016773573213,