{"(1.8, 0.0)": 0.9927246663646617, "(1.8, 0.1)": 0.9987319149669497, "(1.8, 0.2)": 0.9985383928826317, "(1.8, 0.30000000000000004)": 0.9983524116065213, "(1.8, 0.4)": 0.9981633639722051, "(1.8, 0.5)": 0.9979526288879629, "(1.8, 0.6000000000000001)": 0.9977633837079429, "(1.8, 0.7000000000000001)": 0.9975872699044405, "(1.8, 0.8)": 0.9973996617130779, "(1.8, 0.9)": 0.9972091787487541, "(1.8, 1.0)": 0.9970494326998494, "(1.8, 1.1)": 0.9968718194858637, "(1.8, 1.2000000000000002)": 0.9966831134842478, "(1.8, 1.3)": 0.9964577323717245, "(1.8, 1.4000000000000001)": 0.9962496356856764, "(1.8, 1.5)": 0.9960710604532793, "(1.8, 1.6)": 0.9958956100547661, "(1.8, 1.7000000000000002)": 0.9957646550810615, "(1.8, 1.8)": 0.9961010033954789, "(1.8, 1.9000000000000001)": 0.9956602936864, "(1.8, 2.0)": 0.9954488677695935, "(1.8, 2.1)": 0.9951996953863396, "(1.8, 2.2)": 0.9950134582827338, "(1.8, 2.3000000000000003)": 0.9948197328434316, "(1.8, 2.4000000000000004)": 0.9947109613356976, "(1.8, 2.5)": 0.993587741677409, "(1.8, 2.6)": 0.9933385399930631, "(1.8, 2.7)": 0.9931416351560372, "(1.8, 2.8000000000000003)": 0.9930027295755683, "(1.8, 2.9000000000000004)": 0.9928954171056072, "(1.8, 3.0)": 0.9927889103845583, "(1.8, 3.1)": 0.9925547625192179, "(1.8, 3.2)": 0.9924645059007661, "(1.8, 3.3000000000000003)": 0.992304905694046, "(1.8, 3.4000000000000004)": 0.9921817108066427, "(1.8, 3.5)": 0.9920897954095805, "(1.8, 3.6)": 0.9919901354758324, "(1.8, 3.7)": 0.991874384089534, "(1.8, 3.8000000000000003)": 0.9917991454559936, "(1.8, 3.9000000000000004)": 0.9917402956557944, "(1.8, 4.0)": 0.9917258540275196, "(1.8, 4.1000000000000005)": 0.991833784995737, "(1.8, 4.2)": 0.9918175931356573, "(1.8, 4.3)": 0.9917552033838014, "(1.8, 4.4)": 0.9917607849329284, "(1.8, 4.5)": 0.9917595968998372, "(1.8, 4.6000000000000005)": 0.9917601645593439, "(1.8, 4.7)": 0.9917933371034585, "(1.8, 4.800000000000001)": 0.9918456769398886, "(1.8, 4.9)": 0.9919024989110216, "(1.8, 5.0)": 0.9917708378296214, "(1.9000000000000001, 0.0)": 0.9901868584423961, "(1.9000000000000001, 0.1)": 0.9980474034550084, "(1.9000000000000001, 0.2)": 0.9978346900717547, "(1.9000000000000001, 0.30000000000000004)": 0.9976427271505581, "(1.9000000000000001, 0.4)": 0.9974713751875268, "(1.9000000000000001, 0.5)": 0.9972748611545385, "(1.9000000000000001, 0.6000000000000001)": 0.997083170933596, "(1.9000000000000001, 0.7000000000000001)": 0.9968889292529955, "(1.9000000000000001, 0.8)": 0.99668572618776, "(1.9000000000000001, 0.9)": 0.996512437598688, "(1.9000000000000001, 1.0)": 0.9963461929209423, "(1.9000000000000001, 1.1)": 0.9961904590445668, "(1.9000000000000001, 1.2000000000000002)": 0.9959828470116482, "(1.9000000000000001, 1.3)": 0.9957987941068137, "(1.9000000000000001, 1.4000000000000001)": 0.9955868629652633, "(1.9000000000000001, 1.5)": 0.9953977669522281, "(1.9000000000000001, 1.6)": 0.9952109504110737, "(1.9000000000000001, 1.7000000000000002)": 0.9950313893052911, "(1.9000000000000001, 1.8)": 0.994870361435064, "(1.9000000000000001, 1.9000000000000001)": 0.9950283773707412, "(1.9000000000000001, 2.0)": 0.9948023676749848, "(1.9000000000000001, 2.1)": 0.9945803016425993, "(1.9000000000000001, 2.2)": 0.9943437946794041, "(1.9000000000000001, 2.3000000000000003)": 0.993344605831969, "(1.9000000000000001, 2.4000000000000004)": 0.9931810285572059, "(1.9000000000000001, 2.5)": 0.9930042543800265, "(1.9000000000000001, 2.6)": 0.9927380752898596, "(1.9000000000000001, 2.7)": 0.9925090730046171, "(1.9000000000000001, 2.8000000000000003)": 0.9923581756434462, "(1.9000000000000001, 2.9000000000000004)": 0.9922586312396487, "(1.9000000000000001, 3.0)": 0.9920958484263888, "(1.9000000000000001, 3.1)": 0.9918723083170227, "(1.9000000000000001, 3.2)": 0.9917137615345631, "(1.9000000000000001, 3.3000000000000003)": 0.9915577547341478, "(1.9000000000000001, 3.4000000000000004)": 0.9914361636114271, "(1.9000000000000001, 3.5)": 0.9913911851678476, "(1.9000000000000001, 3.6)": 0.9912717937965188, "(1.9000000000000001, 3.7)": 0.9911707188478375, "(1.9000000000000001, 3.8000000000000003)": 0.9911037758760716, "(1.9000000000000001, 3.9000000000000004)": 0.991041606791394, "(1.9000000000000001, 4.0)": 0.9910309341861024, "(1.9000000000000001, 4.1000000000000005)": 0.991147582864309, "(1.9000000000000001, 4.2)": 0.991107945039848, "(1.9000000000000001, 4.3)": 0.9910676782482445, "(1.9000000000000001, 4.4)": 0.9910548014877119, "(1.9000000000000001, 4.5)": 0.9912761671311363, "(1.9000000000000001, 4.6000000000000005)": 0.9912657612306268, "(1.9000000000000001, 4.7)": 0.991321985670007, "(1.9000000000000001, 4.800000000000001)": 0.9913752125967173, "(1.9000000000000001, 4.9)": 0.9914432948522499, "(1.9000000000000001, 5.0)": 0.9912967169342092, "(2.0, 0.0)": 0.9897852409496438, "(2.0, 0.1)": 0.9962322764684481, "(2.0, 0.2)": 0.9960385720891349, "(2.0, 0.30000000000000004)": 0.9958267954340331, "(2.0, 0.4)": 0.995629610987117, "(2.0, 0.5)": 0.9954133443974945, "(2.0, 0.6000000000000001)": 0.9952490237296387, "(2.0, 0.7000000000000001)": 0.9950456330216318, "(2.0, 0.8)": 0.9948469844043232, "(2.0, 0.9)": 0.9946554526884112, "(2.0, 1.0)": 0.9944870354165857, "(2.0, 1.1)": 0.9942818238716142, "(2.0, 1.2000000000000002)": 0.9941171158240365, "(2.0, 1.3)": 0.9939155565118859, "(2.0, 1.4000000000000001)": 0.9937115295167567, "(2.0, 1.5)": 0.9935278674025848, "(2.0, 1.6)": 0.9933207895747616, "(2.0, 1.7000000000000002)": 0.9930970026780145, "(2.0, 1.8)": 0.9929086592914743, "(2.0, 1.9000000000000001)": 0.9927895564288397, "(2.0, 2.0)": 0.9924335410138622, "(2.0, 2.1)": 0.9918856571620582, "(2.0, 2.2)": 0.9916597726068883, "(2.0, 2.3000000000000003)": 0.9914731781767289, "(2.0, 2.4000000000000004)": 0.9913076395522553, "(2.0, 2.5)": 0.9911951770058497, "(2.0, 2.6)": 0.9909334583703878, "(2.0, 2.7)": 0.9907101588535546, "(2.0, 2.8000000000000003)": 0.9905273915598505, "(2.0, 2.9000000000000004)": 0.9904115439765934, "(2.0, 3.0)": 0.9902470600268957, "(2.0, 3.1)": 0.9899741012290897, "(2.0, 3.2)": 0.9898068902419603, "(2.0, 3.3000000000000003)": 0.9896455372040369, "(2.0, 3.4000000000000004)": 0.9895109490409912, "(2.0, 3.5)": 0.9894149934632162, "(2.0, 3.6)": 0.989296188308353, "(2.0, 3.7)": 0.9892021745448396, "(2.0, 3.8000000000000003)": 0.9891263863758019, "(2.0, 3.9000000000000004)": 0.9890984032621282, "(2.0, 4.0)": 0.9893543093757907, "(2.0, 4.1000000000000005)": 0.989367758531555, "(2.0, 4.2)": 0.9893408651108554, "(2.0, 4.3)": 0.9893023777286588, "(2.0, 4.4)": 0.98929113996465, "(2.0, 4.5)": 0.9892913061561395, "(2.0, 4.6000000000000005)": 0.9893215309788373, "(2.0, 4.7)": 0.9893770192307506, "(2.0, 4.800000000000001)": 0.9894355209229597, "(2.0, 4.9)": 0.989494731762315, "(2.0, 5.0)": 0.9893307836371633, "(2.1000000000000005, 0.0)": 0.988468813817736, "(2.1000000000000005, 0.1)": 0.9947961444391547, "(2.1000000000000005, 0.2)": 0.9946393120568887, "(2.1000000000000005, 0.30000000000000004)": 0.9944288213474523, "(2.1000000000000005, 0.4)": 0.9942643197474297, "(2.1000000000000005, 0.5)": 0.9940402679793154, "(2.1000000000000005, 0.6000000000000001)": 0.9939163386070907, "(2.1000000000000005, 0.7000000000000001)": 0.9937631812222426, "(2.1000000000000005, 0.8)": 0.9935706489148418, "(2.1000000000000005, 0.9)": 0.9933854867074784, "(2.1000000000000005, 1.0)": 0.9931934934288682, "(2.1000000000000005, 1.1)": 0.9929980052815534, "(2.1000000000000005, 1.2000000000000002)": 0.992839234743475, "(2.1000000000000005, 1.3)": 0.9926535292553358, "(2.1000000000000005, 1.4000000000000001)": 0.9924625935197124, "(2.1000000000000005, 1.5)": 0.9922193164539747, "(2.1000000000000005, 1.6)": 0.9912321381242052, "(2.1000000000000005, 1.7000000000000002)": 0.9910547550490606, "(2.1000000000000005, 1.8)": 0.9908832526880941, "(2.1000000000000005, 1.9000000000000001)": 0.9907149081564164, "(2.1000000000000005, 2.0)": 0.9906041715867542, "(2.1000000000000005, 2.1)": 0.9905732311391502, "(2.1000000000000005, 2.2)": 0.9904134954347391,