{"(1.4, 0.0)": 0.9957016453892882, "(1.4, 0.1)": 1.0013086804730242, "(1.4, 0.2)": 1.0011050146258746, "(1.4, 0.30000000000000004)": 1.000923024884433, "(1.4, 0.4)": 1.0007382852782707, "(1.4, 0.5)": 1.0005599638457645, "(1.4, 0.6000000000000001)": 1.000386695495684, "(1.4, 0.7000000000000001)": 1.0002048986641474, "(1.4, 0.8)": 1.0000632818873003, "(1.4, 0.9)": 0.9999380908573826, "(1.4, 1.0)": 0.9997410070908349, "(1.4, 1.1)": 0.9995183836726159, "(1.4, 1.2000000000000002)": 0.9993139541434102, "(1.4, 1.3)": 0.9992007050296592, "(1.4, 1.4000000000000001)": 1.0003049563530144, "(1.4, 1.5)": 0.9994694199333222, "(1.4, 1.6)": 0.9992626234923295, "(1.4, 1.7000000000000002)": 0.9987478107180154, "(1.4, 1.8)": 0.9984919720944341, "(1.4, 1.9000000000000001)": 0.9982778499755994, "(1.4, 2.0)": 0.9980798036778592, "(1.4, 2.1)": 0.9978857203269057, "(1.4, 2.2)": 0.9977825366946727, "(1.4, 2.3000000000000003)": 0.9974404234132659, "(1.4, 2.4000000000000004)": 0.9972040161087085, "(1.4, 2.5)": 0.9970130247778539, "(1.4, 2.6)": 0.9960763006655812, "(1.4, 2.7)": 0.9959153329626046, "(1.4, 2.8000000000000003)": 0.9958113576728216, "(1.4, 2.9000000000000004)": 0.9957049409387305, "(1.4, 3.0)": 0.9955946896797252, "(1.4, 3.1)": 0.9954534608487815, "(1.4, 3.2)": 0.9953290914261995, "(1.4, 3.3000000000000003)": 0.9951961717545177, "(1.4, 3.4000000000000004)": 0.9950929178593501, "(1.4, 3.5)": 0.9950293911897506, "(1.4, 3.6)": 0.9949386066365664, "(1.4, 3.7)": 0.9948548372237687, "(1.4, 3.8000000000000003)": 0.9947938990527614, "(1.4, 3.9000000000000004)": 0.9947343795841103, "(1.4, 4.0)": 0.9947345580798437, "(1.4, 4.1000000000000005)": 0.9947096945193551, "(1.4, 4.2)": 0.9948538991309528, "(1.4, 4.3)": 0.9948109513887646, "(1.4, 4.4)": 0.9948146160795472, "(1.4, 4.5)": 0.9948478957771826, "(1.4, 4.6000000000000005)": 0.9948878043001551, "(1.4, 4.7)": 0.9949230473216988, "(1.4, 4.800000000000001)": 0.9949546930147845, "(1.4, 4.9)": 0.9950148646161217, "(1.4, 5.0)": 0.9948728154470586, "(1.5, 0.0)": 0.9949388300565815, "(1.5, 0.1)": 1.0007023233630346, "(1.5, 0.2)": 1.000514072319195, "(1.5, 0.30000000000000004)": 1.0003270677700626, "(1.5, 0.4)": 1.000136738621753, "(1.5, 0.5)": 0.9999381650057939, "(1.5, 0.6000000000000001)": 0.999752945189375, "(1.5, 0.7000000000000001)": 0.9995782274827715, "(1.5, 0.8)": 0.9994140613956548, "(1.5, 0.9)": 0.9992915169463559, "(1.5, 1.0)": 0.9991320923274961, "(1.5, 1.1)": 0.9988944693829084, "(1.5, 1.2000000000000002)": 0.9986944604290567, "(1.5, 1.3)": 0.998503959814507, "(1.5, 1.4000000000000001)": 0.9983871989964423, "(1.5, 1.5)": 0.9984977675505019, "(1.5, 1.6)": 0.9986377203111696, "(1.5, 1.7000000000000002)": 0.9981515320204977, "(1.5, 1.8)": 0.997921396973854, "(1.5, 1.9000000000000001)": 0.9976802195882846, "(1.5, 2.0)": 0.9974599619804476, "(1.5, 2.1)": 0.9972673375191582, "(1.5, 2.2)": 0.9971069777769719, "(1.5, 2.3000000000000003)": 0.9968470024403702, "(1.5, 2.4000000000000004)": 0.9965522683743421, "(1.5, 2.5)": 0.9964384314669023, "(1.5, 2.6)": 0.9954529378560723, "(1.5, 2.7)": 0.9953023716028965, "(1.5, 2.8000000000000003)": 0.9951867433881982, "(1.5, 2.9000000000000004)": 0.9950782432392375, "(1.5, 3.0)": 0.9949657415494413, "(1.5, 3.1)": 0.9948071295076679, "(1.5, 3.2)": 0.9946757602446866, "(1.5, 3.3000000000000003)": 0.9945605821046883, "(1.5, 3.4000000000000004)": 0.9944510356319655, "(1.5, 3.5)": 0.9944041398819833, "(1.5, 3.6)": 0.9942746448516664, "(1.5, 3.7)": 0.9941949208937501, "(1.5, 3.8000000000000003)": 0.9941353629150511, "(1.5, 3.9000000000000004)": 0.9940861402393332, "(1.5, 4.0)": 0.9941240171263144, "(1.5, 4.1000000000000005)": 0.9940824837494001, "(1.5, 4.2)": 0.9942030732860276, "(1.5, 4.3)": 0.9941751473729621, "(1.5, 4.4)": 0.9941702277959957, "(1.5, 4.5)": 0.9942453077127422, "(1.5, 4.6000000000000005)": 0.9942270163103862, "(1.5, 4.7)": 0.9942692996752042, "(1.5, 4.800000000000001)": 0.9942975223811341, "(1.5, 4.9)": 0.994358240510363, "(1.5, 5.0)": 0.9942224536331364, "(1.6, 0.0)": 0.9935460504650159, "(1.6, 0.1)": 0.9994417753902903, "(1.6, 0.2)": 0.9992697602266223, "(1.6, 0.30000000000000004)": 0.9990770959460579, "(1.6, 0.4)": 0.9989022676043039, "(1.6, 0.5)": 0.9986858151991468, "(1.6, 0.6000000000000001)": 0.9985126424973122, "(1.6, 0.7000000000000001)": 0.9983349727076378, "(1.6, 0.8)": 0.9981392519442194, "(1.6, 0.9)": 0.9979914825053868, "(1.6, 1.0)": 0.9978425663919273, "(1.6, 1.1)": 0.997624419912631, "(1.6, 1.2000000000000002)": 0.9974345052458141, "(1.6, 1.3)": 0.9972409254838461, "(1.6, 1.4000000000000001)": 0.9970796063213646, "(1.6, 1.5)": 0.9969390341124426, "(1.6, 1.6)": 0.996670932282463, "(1.6, 1.7000000000000002)": 0.9971773748671008, "(1.6, 1.8)": 0.9967026445134505, "(1.6, 1.9000000000000001)": 0.996457617683755, "(1.6, 2.0)": 0.9962475300163822, "(1.6, 2.1)": 0.9960454789847454, "(1.6, 2.2)": 0.9958409205925952, "(1.6, 2.3000000000000003)": 0.9957048768865542, "(1.6, 2.4000000000000004)": 0.9954133215776072, "(1.6, 2.5)": 0.9951452984618059, "(1.6, 2.6)": 0.9941976469359904, "(1.6, 2.7)": 0.9940874816698116, "(1.6, 2.8000000000000003)": 0.9939489936902635, "(1.6, 2.9000000000000004)": 0.9938460543300388, "(1.6, 3.0)": 0.9937537491192665, "(1.6, 3.1)": 0.99356819192505, "(1.6, 3.2)": 0.9934597544847872, "(1.6, 3.3000000000000003)": 0.9933232940800416, "(1.6, 3.4000000000000004)": 0.9932280565617971, "(1.6, 3.5)": 0.9931401242630249, "(1.6, 3.6)": 0.993051521748562, "(1.6, 3.7)": 0.9929875677125046, "(1.6, 3.8000000000000003)": 0.9929289695652878, "(1.6, 3.9000000000000004)": 0.9928716551067449, "(1.6, 4.0)": 0.9928753455814647, "(1.6, 4.1000000000000005)": 0.9929593122258906, "(1.6, 4.2)": 0.9929638585706306, "(1.6, 4.3)": 0.992966739572108, "(1.6, 4.4)": 0.9929951600586454, "(1.6, 4.5)": 0.9929939949797135, "(1.6, 4.6000000000000005)": 0.9930219877128351, "(1.6, 4.7)": 0.9930564104239001, "(1.6, 4.800000000000001)": 0.9930992875670863, "(1.6, 4.9)": 0.9931714378813067, "(1.6, 5.0)": 0.9930402518163115, "(1.7000000000000002, 0.0)": 0.9923610712843379, "(1.7000000000000002, 0.1)": 0.9996841057183051, "(1.7000000000000002, 0.2)": 0.9995122108265734, "(1.7000000000000002, 0.30000000000000004)": 0.9993190445023361, "(1.7000000000000002, 0.4)": 0.9991076298329772, "(1.7000000000000002, 0.5)": 0.9989189370200312, "(1.7000000000000002, 0.6000000000000001)": 0.9987416598556892, "(1.7000000000000002, 0.7000000000000001)": 0.9985582452820382, "(1.7000000000000002, 0.8)": 0.9983877457237337, "(1.7000000000000002, 0.9)": 0.998214993441632, "(1.7000000000000002, 1.0)": 0.998082610172598, "(1.7000000000000002, 1.1)": 0.9978475007694889, "(1.7000000000000002, 1.2000000000000002)": 0.9976570257715862, "(1.7000000000000002, 1.3)": 0.9974877989386906, "(1.7000000000000002, 1.4000000000000001)": 0.9972842644319698, "(1.7000000000000002, 1.5)": 0.9970992233515553, "(1.7000000000000002, 1.6)": 0.9969850342074643, "(1.7000000000000002, 1.7000000000000002)": 0.9968530926021241, "(1.7000000000000002, 1.8)": 0.9972057336100622, "(1.7000000000000002, 1.9000000000000001)": 0.9967376605564807, "(1.7000000000000002, 2.0)": 0.9964544325073084, "(1.7000000000000002, 2.1)": 0.9962408243128443, "(1.7000000000000002, 2.2)": 0.9960663017846334, "(1.7000000000000002, 2.3000000000000003)": 0.9959105242804119, "(1.7000000000000002, 2.4000000000000004)": 0.9957133829568113, "(1.7000000000000002, 2.5)": 0.9946155037128703, "(1.7000000000000002, 2.6)": 0.9944159910697044, "(1.7000000000000002, 2.7)": 0.994252042190607, "(1.7000000000000002, 2.8000000000000003)": 0.9941079706968025, "(1.7000000000000002, 2.9000000000000004)": 0.9940269824805551, "(1.7000000000000002, 3.0)": 0.9939577815996621, "(1.7000000000000002, 3.1)": 0.993766347605629, "(1.7000000000000002, 3.2)": 0.993623434692875, "(1.7000000000000002, 3.3000000000000003)": 0.9935192981388145, "(1.7000000000000002, 3.4000000000000004)": 0.9933918923963013, "(1.7000000000000002, 3.5)": 0.9933111320213194,