{"(0.2, 0.0)": 1.0057245693042658, "(0.2, 0.1)": 1.0092732762048793, "(0.2, 0.2)": 1.0091418384813027, "(0.2, 0.30000000000000004)": 1.0097426430594048, "(0.2, 0.4)": 1.0095703610875988, "(0.2, 0.5)": 1.0093769589836166, "(0.2, 0.6000000000000001)": 1.0092182820903561, "(0.2, 0.7000000000000001)": 1.0090573136785144, "(0.2, 0.8)": 1.0089504410102699, "(0.2, 0.9)": 1.0087154480966074, "(0.2, 1.0)": 1.0085680716875032, "(0.2, 1.1)": 1.008095562883255, "(0.2, 1.2000000000000002)": 1.0079525160416198, "(0.2, 1.3)": 1.0077889616662077, "(0.2, 1.4000000000000001)": 1.0076286277997224, "(0.2, 1.5)": 1.0074062710120444, "(0.2, 1.6)": 1.0072291590289202, "(0.2, 1.7000000000000002)": 1.007096323226011, "(0.2, 1.8)": 1.0069500488724434, "(0.2, 1.9000000000000001)": 1.0060158173634497, "(0.2, 2.0)": 1.0059067883237658, "(0.2, 2.1)": 1.0057416960395476, "(0.2, 2.2)": 1.0056280036925502, "(0.2, 2.3000000000000003)": 1.005496562538091, "(0.2, 2.4000000000000004)": 1.005374516336869, "(0.2, 2.5)": 1.0050922286349966, "(0.2, 2.6)": 1.0050035325498554, "(0.2, 2.7)": 1.004916854649832, "(0.2, 2.8000000000000003)": 1.0048572015193749, "(0.2, 2.9000000000000004)": 1.0047998854806302, "(0.2, 3.0)": 1.004714381917522, "(0.2, 3.1)": 1.004611678585664, "(0.2, 3.2)": 1.0045833422400365, "(0.2, 3.3000000000000003)": 1.004514274434893, "(0.2, 3.4000000000000004)": 1.0044507990286595, "(0.2, 3.5)": 1.004413746177731, "(0.2, 3.6)": 1.0043664074289749, "(0.2, 3.7)": 1.0043178750037838, "(0.2, 3.8000000000000003)": 1.0042904285835836, "(0.2, 3.9000000000000004)": 1.0042695425390056, "(0.2, 4.0)": 1.0042582912243658, "(0.2, 4.1000000000000005)": 1.0042738574024288, "(0.2, 4.2)": 1.0042634507856227, "(0.2, 4.3)": 1.0042202950717007, "(0.2, 4.4)": 1.0042694529393565, "(0.2, 4.5)": 1.0044507723930545, "(0.2, 4.6000000000000005)": 1.0044884480791116, "(0.2, 4.7)": 1.0045562401911454, "(0.2, 4.800000000000001)": 1.004642441354893, "(0.2, 4.9)": 1.00468706830241, "(0.2, 5.0)": 1.0045898531385564}