{"(0.0, 0.0)": 0.9756388191656609, "(0.0, 0.1)": 0.9824236748185006, "(0.0, 0.2)": 0.982209875214157, "(0.0, 0.30000000000000004)": 0.981680885385266, "(0.0, 0.4)": 0.9817332509454815, "(0.0, 0.5)": 0.9812398642038123, "(0.0, 0.6000000000000001)": 0.9810318503715293, "(0.0, 0.7000000000000001)": 0.9808068433569954, "(0.0, 0.8)": 0.9808742758988406, "(0.0, 0.9)": 0.9803396288118706, "(0.0, 1.0)": 0.9802970595980873, "(0.0, 1.1)": 0.9800382511628634, "(0.0, 1.2000000000000002)": 0.9795305038174512, "(0.0, 1.3)": 0.9793194079055948, "(0.0, 1.4000000000000001)": 0.9791162623270458, "(0.0, 1.5)": 0.9789764898083192, "(0.0, 1.6)": 0.9789931616860741, "(0.0, 1.7000000000000002)": 0.9787996498944611, "(0.0, 1.8)": 0.9783458864147893, "(0.0, 1.9000000000000001)": 0.9780230243130564, "(0.0, 2.0)": 0.9779770349220333, "(0.0, 2.1)": 0.9780073019812002, "(0.0, 2.2)": 0.978125675339299, "(0.0, 2.3000000000000003)": 0.9777073037487105, "(0.0, 2.4000000000000004)": 0.9774812451691922, "(0.0, 2.5)": 0.9773170196695832, "(0.0, 2.6)": 0.9771696864563397, "(0.0, 2.7)": 0.9773289326222928, "(0.0, 2.8000000000000003)": 0.9769597778790573, "(0.0, 2.9000000000000004)": 0.9768578650783121, "(0.0, 3.0)": 0.9765146803740249, "(0.0, 3.1)": 0.976908054347822, "(0.0, 3.2)": 0.976986570820947, "(0.0, 3.3000000000000003)": 0.9766670714289913, "(0.0, 3.4000000000000004)": 0.9768483686856169, "(0.0, 3.5)": 0.9765026411112179, "(0.0, 3.6)": 0.9764699310892018, "(0.0, 3.7)": 0.9768289680147737, "(0.0, 3.8000000000000003)": 0.9766695830873047, "(0.0, 3.9000000000000004)": 0.9768951051186017, "(0.0, 4.0)": 0.977082914524555, "(0.0, 4.1000000000000005)": 0.9773088208958012, "(0.0, 4.2)": 0.97740744430693, "(0.0, 4.3)": 0.9774128976216084, "(0.0, 4.4)": 0.9777749003891293, "(0.0, 4.5)": 0.9775945193857358, "(0.0, 4.6000000000000005)": 0.9777842722095975, "(0.0, 4.7)": 0.97780247114757, "(0.0, 4.800000000000001)": 0.9778902454507458, "(0.0, 4.9)": 0.978678585103463, "(0.0, 5.0)": 0.9777654434571745, "(0.1, 0.0)": 1.0064466279165651, "(0.1, 0.1)": 1.0098845833228964, "(0.1, 0.2)": 1.0104867528927446, "(0.1, 0.30000000000000004)": 1.0103260286562805, "(0.1, 0.4)": 1.0101512151695384, "(0.1, 0.5)": 1.0099650500522026, "(0.1, 0.6000000000000001)": 1.009806379217577, "(0.1, 0.7000000000000001)": 1.009649056796274, "(0.1, 0.8)": 1.0094844998104813, "(0.1, 0.9)": 1.0093811205663377, "(0.1, 1.0)": 1.0088942128648961, "(0.1, 1.1)": 1.0087185897684408, "(0.1, 1.2000000000000002)": 1.0085649010385025, "(0.1, 1.3)": 1.0084058565039773, "(0.1, 1.4000000000000001)": 1.0082191100198576, "(0.1, 1.5)": 1.0080274590379468, "(0.1, 1.6)": 1.0078799955816766, "(0.1, 1.7000000000000002)": 1.0077399867536074, "(0.1, 1.8)": 1.0075955017372933, "(0.1, 1.9000000000000001)": 1.0066850748231362, "(0.1, 2.0)": 1.0065582155113713, "(0.1, 2.1)": 1.0064129804088726, "(0.1, 2.2)": 1.006291599658667, "(0.1, 2.3000000000000003)": 1.0061754602476423, "(0.1, 2.4000000000000004)": 1.006075495376528, "(0.1, 2.5)": 1.0059783235081075, "(0.1, 2.6)": 1.0057117845341512, "(0.1, 2.7)": 1.0056298956721668, "(0.1, 2.8000000000000003)": 1.0055720294421577, "(0.1, 2.9000000000000004)": 1.005505414606983, "(0.1, 3.0)": 1.0054206024266583, "(0.1, 3.1)": 1.005317152469868, "(0.1, 3.2)": 1.0052587209409973, "(0.1, 3.3000000000000003)": 1.0052230617193056, "(0.1, 3.4000000000000004)": 1.0051754974102363, "(0.1, 3.5)": 1.0051337649284733, "(0.1, 3.6)": 1.0050891680140148, "(0.1, 3.7)": 1.0050329038733972, "(0.1, 3.8000000000000003)": 1.0050128811277401, "(0.1, 3.9000000000000004)": 1.0049890175874814, "(0.1, 4.0)": 1.0049752268298746, "(0.1, 4.1000000000000005)": 1.005000845421766, "(0.1, 4.2)": 1.005001393450379, "(0.1, 4.3)": 1.004988527937602, "(0.1, 4.4)": 1.005011549456663, "(0.1, 4.5)": 1.0051813329498964, "(0.1, 4.6000000000000005)": 1.0052229720359347, "(0.1, 4.7)": 1.0052839992201337, "(0.1, 4.800000000000001)": 1.0053455205729924, "(0.1, 4.9)": 1.0054416303873512, "(0.1, 5.0)": 1.0053258161131944}