{"loss": [3.300016330562131, 0.5340515471002524, 0.27739335881674126, 0.17394419894077884, 0.13736832661098716, 0.1181357783466167, 0.10754262308788509, 0.09861585265103781, 0.09203411629061849, 0.08676064435699185], "mean_absolute_error": [1.3222192682241247, 0.5469453647055124, 0.3911797160405842, 0.31881728367877904, 0.2881141278183707, 0.2684480156464886, 0.2569065356871894, 0.24594951198851953, 0.2372431024015451, 0.23090580805852673], "val_mean_squared_error": [1.2352330757953385, 1.2866740462415753, 1.2769443744600286, 1.2650012286021817, 1.221076862028897, 1.2022285885695227, 1.1907535750170615, 1.1782397275509953, 1.152843068700224, 1.1353954106620625], "val_mean_absolute_error": [0.9625210441057613, 0.9900964370259737, 0.9831302601153509, 0.977164726755201, 0.9517447017937823, 0.9404432361167331, 0.9331540697944927, 0.9249617833403763, 0.905753608837939, 0.8914918724363081], "mean_squared_error": [3.300016330562131, 0.5340515471002524, 0.27739335881674126, 0.17394419894077884, 0.13736832661098716, 0.1181357783466167, 0.10754262308788509, 0.09861585265103781, 0.09203411629061849, 0.08676064435699185], "val_loss": [1.2352330757953385, 1.2866740462415753, 1.2769443744600286, 1.2650012286021817, 1.221076862028897, 1.2022285885695227, 1.1907535750170615, 1.1782397275509953, 1.152843068700224, 1.1353954106620625]}